[{"model": "contenttypes.contenttype", "pk": 1, "fields": {"app_label": "admin", "model": "logentry"}}, {"model": "contenttypes.contenttype", "pk": 2, "fields": {"app_label": "auth", "model": "permission"}}, {"model": "contenttypes.contenttype", "pk": 3, "fields": {"app_label": "auth", "model": "group"}}, {"model": "contenttypes.contenttype", "pk": 4, "fields": {"app_label": "auth", "model": "user"}}, {"model": "contenttypes.contenttype", "pk": 5, "fields": {"app_label": "contenttypes", "model": "contenttype"}}, {"model": "contenttypes.contenttype", "pk": 6, "fields": {"app_label": "sessions", "model": "session"}}, {"model": "contenttypes.contenttype", "pk": 7, "fields": {"app_label": "books", "model": "author"}}, {"model": "contenttypes.contenttype", "pk": 8, "fields": {"app_label": "books", "model": "book"}}, {"model": "contenttypes.contenttype", "pk": 9, "fields": {"app_label": "books", "model": "booklist"}}, {"model": "contenttypes.contenttype", "pk": 10, "fields": {"app_label": "star_ratings", "model": "rating"}}, {"model": "contenttypes.contenttype", "pk": 11, "fields": {"app_label": "star_ratings", "model": "userrating"}}, {"model": "sessions.session", "pk": "6xqnq5mtwxh6jhwdbbjvyjam92jtmpnp", "fields": {"session_data": "NjM4NzIwYzdiNmNkZWY1YzNlNGNhZTM4NWE0NTFlNWZjYmUwNzlhYTp7Il9hdXRoX3VzZXJfaWQiOiIxIiwiX2F1dGhfdXNlcl9iYWNrZW5kIjoiZGphbmdvLmNvbnRyaWIuYXV0aC5iYWNrZW5kcy5Nb2RlbEJhY2tlbmQiLCJfYXV0aF91c2VyX2hhc2giOiIzZDBmZmJmNjU0OTE4M2M3MjUzMjc5YWExYmRmMjFmOWM5OThjMzI3In0=", "expire_date": "2020-03-02T20:31:44.107Z"}}, {"model": "sessions.session", "pk": "89lyt4xzyep5u2rzrd59nk9p6at3oabf", "fields": {"session_data": "NjkyNzYwZmNlYTBiMGFlODQ1OGIwMzQ1NTk4OTBhOTcyOTRkZDNlZTp7Il9hdXRoX3VzZXJfaWQiOiIyIiwiX2F1dGhfdXNlcl9iYWNrZW5kIjoiZGphbmdvLmNvbnRyaWIuYXV0aC5iYWNrZW5kcy5Nb2RlbEJhY2tlbmQiLCJfYXV0aF91c2VyX2hhc2giOiI5YWE0YmI1YzQ3ZDJlOTZmOGY2ZmU3ZjYwYmNiYjMxNTFmNzk4NjkwIn0=", "expire_date": "2020-02-28T17:44:04.924Z"}}, {"model": "books.author", "pk": 1, "fields": {"first_name": "J. D.", "last_name": "Salinger"}}, {"model": "books.author", "pk": 2, "fields": {"first_name": "George", "last_name": "Orwell"}}, {"model": "books.author", "pk": 3, "fields": {"first_name": "J. K.", "last_name": "Rowling"}}, {"model": "books.author", "pk": 4, "fields": {"first_name": "Harper", "last_name": "Lee"}}, {"model": "books.author", "pk": 5, "fields": {"first_name": "Ray", "last_name": "Bradbury"}}, {"model": "books.author", "pk": 6, "fields": {"first_name": "Henryk", "last_name": "Sienkiewicz"}}, {"model": "books.author", "pk": 7, "fields": {"first_name": "Mor", "last_name": "Jokai"}}, {"model": "books.author", "pk": 8, "fields": {"first_name": "J.R.R.", "last_name": "Tolkien"}}, {"model": "books.book", "pk": 1, "fields": {"author": 1, "title": "The Catcher in the Rye", "first_published": 1951, "added": "2020-02-13T21:08:38.420Z", "cover": "https://covers.openlibrary.org/b/id/8423522-M.jpg"}}, {"model": "books.book", "pk": 2, "fields": {"author": 1, "title": "Franny and Zooey", "first_published": 1961, "added": "2020-02-13T21:19:06.861Z", "cover": "https://covers.openlibrary.org/w/id/6501579-M.jpg"}}, {"model": "books.book", "pk": 3, "fields": {"author": 1, "title": "Nine stories", "first_published": 1953, "added": "2020-02-13T21:19:54.404Z", "cover": "https://covers.openlibrary.org/w/id/392623-M.jpg"}}, {"model": "books.book", "pk": 4, "fields": {"author": 5, "title": "Fahrenheit 451", "first_published": 1953, "added": "2020-02-14T15:17:51.207Z", "cover": "https://covers.openlibrary.org/w/id/8221216-M.jpg"}}, {"model": "books.book", "pk": 5, "fields": {"author": 2, "title": "1984", "first_published": 1949, "added": "2020-02-14T15:19:42.854Z", "cover": "https://covers.openlibrary.org/w/id/8579152-M.jpg"}}, {"model": "books.book", "pk": 6, "fields": {"author": 2, "title": "Animal Farm", "first_published": 1945, "added": "2020-02-14T15:22:05.096Z", "cover": "https://covers.openlibrary.org/w/id/274809-M.jpg"}}, {"model": "books.book", "pk": 7, "fields": {"author": 3, "title": "Harry Potter and the Sorcerer's Stone", "first_published": 1999, "added": "2020-02-14T15:23:58.005Z", "cover": "https://covers.openlibrary.org/b/id/8745660-M.jpg"}}, {"model": "books.book", "pk": 8, "fields": {"author": 3, "title": "Harry Potter and the Philosopher's Stone", "first_published": 1997, "added": "2020-02-14T15:24:36.269Z", "cover": "https://covers.openlibrary.org/w/id/8267078-M.jpg"}}, {"model": "books.book", "pk": 9, "fields": {"author": 4, "title": "To Kill a Mockingbird", "first_published": 1960, "added": "2020-02-14T15:26:36.498Z", "cover": "https://covers.openlibrary.org/w/id/8410442-M.jpg"}}, {"model": "books.book", "pk": 10, "fields": {"author": 6, "title": "Quo vadis", "first_published": 1897, "added": "2020-02-15T17:33:21.829Z", "cover": "https://covers.openlibrary.org/b/id/8238855-M.jpg"}}, {"model": "books.book", "pk": 11, "fields": {"author": 7, "title": "Timar's two worlds", "first_published": 1894, "added": "2020-02-15T17:35:58.874Z", "cover": "https://covers.openlibrary.org/b/id/6570079-M.jpg"}}, {"model": "books.book", "pk": 12, "fields": {"author": 8, "title": "The Lord of the Rings", "first_published": 1993, "added": "2020-02-15T17:36:20.626Z", "cover": "https://covers.openlibrary.org/b/id/9255566-M.jpg"}}, {"model": "auth.permission", "pk": 1, "fields": {"name": "Can add log entry", "content_type": 1, "codename": "add_logentry"}}, {"model": "auth.permission", "pk": 2, "fields": {"name": "Can change log entry", "content_type": 1, "codename": "change_logentry"}}, {"model": "auth.permission", "pk": 3, "fields": {"name": "Can delete log entry", "content_type": 1, "codename": "delete_logentry"}}, {"model": "auth.permission", "pk": 4, "fields": {"name": "Can view log entry", "content_type": 1, "codename": "view_logentry"}}, {"model": "auth.permission", "pk": 5, "fields": {"name": "Can add permission", "content_type": 2, "codename": "add_permission"}}, {"model": "auth.permission", "pk": 6, "fields": {"name": "Can change permission", "content_type": 2, "codename": "change_permission"}}, {"model": "auth.permission", "pk": 7, "fields": {"name": "Can delete permission", "content_type": 2, "codename": "delete_permission"}}, {"model": "auth.permission", "pk": 8, "fields": {"name": "Can view permission", "content_type": 2, "codename": "view_permission"}}, {"model": "auth.permission", "pk": 9, "fields": {"name": "Can add group", "content_type": 3, "codename": "add_group"}}, {"model": "auth.permission", "pk": 10, "fields": {"name": "Can change group", "content_type": 3, "codename": "change_group"}}, {"model": "auth.permission", "pk": 11, "fields": {"name": "Can delete group", "content_type": 3, "codename": "delete_group"}}, {"model": "auth.permission", "pk": 12, "fields": {"name": "Can view group", "content_type": 3, "codename": "view_group"}}, {"model": "auth.permission", "pk": 13, "fields": {"name": "Can add user", "content_type": 4, "codename": "add_user"}}, {"model": "auth.permission", "pk": 14, "fields": {"name": "Can change user", "content_type": 4, "codename": "change_user"}}, {"model": "auth.permission", "pk": 15, "fields": {"name": "Can delete user", "content_type": 4, "codename": "delete_user"}}, {"model": "auth.permission", "pk": 16, "fields": {"name": "Can view user", "content_type": 4, "codename": "view_user"}}, {"model": "auth.permission", "pk": 17, "fields": {"name": "Can add content type", "content_type": 5, "codename": "add_contenttype"}}, {"model": "auth.permission", "pk": 18, "fields": {"name": "Can change content type", "content_type": 5, "codename": "change_contenttype"}}, {"model": "auth.permission", "pk": 19, "fields": {"name": "Can delete content type", "content_type": 5, "codename": "delete_contenttype"}}, {"model": "auth.permission", "pk": 20, "fields": {"name": "Can view content type", "content_type": 5, "codename": "view_contenttype"}}, {"model": "auth.permission", "pk": 21, "fields": {"name": "Can add session", "content_type": 6, "codename": "add_session"}}, {"model": "auth.permission", "pk": 22, "fields": {"name": "Can change session", "content_type": 6, "codename": "change_session"}}, {"model": "auth.permission", "pk": 23, "fields": {"name": "Can delete session", "content_type": 6, "codename": "delete_session"}}, {"model": "auth.permission", "pk": 24, "fields": {"name": "Can view session", "content_type": 6, "codename": "view_session"}}, {"model": "auth.permission", "pk": 25, "fields": {"name": "Can add author", "content_type": 7, "codename": "add_author"}}, {"model": "auth.permission", "pk": 26, "fields": {"name": "Can change author", "content_type": 7, "codename": "change_author"}}, {"model": "auth.permission", "pk": 27, "fields": {"name": "Can delete author", "content_type": 7, "codename": "delete_author"}}, {"model": "auth.permission", "pk": 28, "fields": {"name": "Can view author", "content_type": 7, "codename": "view_author"}}, {"model": "auth.permission", "pk": 29, "fields": {"name": "Can add book", "content_type": 8, "codename": "add_book"}}, {"model": "auth.permission", "pk": 30, "fields": {"name": "Can change book", "content_type": 8, "codename": "change_book"}}, {"model": "auth.permission", "pk": 31, "fields": {"name": "Can delete book", "content_type": 8, "codename": "delete_book"}}, {"model": "auth.permission", "pk": 32, "fields": {"name": "Can view book", "content_type": 8, "codename": "view_book"}}, {"model": "auth.permission", "pk": 33, "fields": {"name": "Can add book list", "content_type": 9, "codename": "add_booklist"}}, {"model": "auth.permission", "pk": 34, "fields": {"name": "Can change book list", "content_type": 9, "codename": "change_booklist"}}, {"model": "auth.permission", "pk": 35, "fields": {"name": "Can delete book list", "content_type": 9, "codename": "delete_booklist"}}, {"model": "auth.permission", "pk": 36, "fields": {"name": "Can view book list", "content_type": 9, "codename": "view_booklist"}}, {"model": "auth.permission", "pk": 37, "fields": {"name": "Can add rating", "content_type": 10, "codename": "add_rating"}}, {"model": "auth.permission", "pk": 38, "fields": {"name": "Can change rating", "content_type": 10, "codename": "change_rating"}}, {"model": "auth.permission", "pk": 39, "fields": {"name": "Can delete rating", "content_type": 10, "codename": "delete_rating"}}, {"model": "auth.permission", "pk": 40, "fields": {"name": "Can view rating", "content_type": 10, "codename": "view_rating"}}, {"model": "auth.permission", "pk": 41, "fields": {"name": "Can add user rating", "content_type": 11, "codename": "add_userrating"}}, {"model": "auth.permission", "pk": 42, "fields": {"name": "Can change user rating", "content_type": 11, "codename": "change_userrating"}}, {"model": "auth.permission", "pk": 43, "fields": {"name": "Can delete user rating", "content_type": 11, "codename": "delete_userrating"}}, {"model": "auth.permission", "pk": 44, "fields": {"name": "Can view user rating", "content_type": 11, "codename": "view_userrating"}}, {"model": "auth.user", "pk": 1, "fields": {"password": "pbkdf2_sha256$180000$RZGCNBMVOIAa$WyOeln3vee0EKnuiMMo9lfVhxZorziQAkR37yF86jmI=", "last_login": "2020-02-17T20:31:44.105Z", "is_superuser": true, "username": "admin", "first_name": "", "last_name": "", "email": "admin@example.com", "is_staff": true, "is_active": true, "date_joined": "2020-02-11T21:13:43.366Z", "groups": [], "user_permissions": []}}, {"model": "auth.user", "pk": 2, "fields": {"password": "pbkdf2_sha256$180000$3dBt6JSpeMXr$fLT1jSEVjQo/Z4YpAR0XgPIfmo84C6O3yG4idlOgs2s=", "last_login": "2020-02-17T20:30:50.351Z", "is_superuser": false, "username": "joe", "first_name": "", "last_name": "", "email": "joe@example.com", "is_staff": false, "is_active": true, "date_joined": "2020-02-13T17:38:07.763Z", "groups": [], "user_permissions": []}}, {"model": "auth.user", "pk": 3, "fields": {"password": "pbkdf2_sha256$180000$h16EqLna20zJ$geJKVfqnuWH2juPafYtIfJYYuNG2b4vDmtN2I4AFRls=", "last_login": "2020-02-17T20:30:02.138Z", "is_superuser": false, "username": "max", "first_name": "", "last_name": "", "email": "max@example.com", "is_staff": false, "is_active": true, "date_joined": "2020-02-13T19:12:23.435Z", "groups": [], "user_permissions": []}}, {"model": "books.booklist", "pk": 1, "fields": {"user": 2, "book": 1, "rating": 5, "override_title": "", "override_author": "", "override_year": null, "override_cover": "https://covers.openlibrary.org/w/id/9273490-M.jpg", "added": "2020-02-14T17:42:41.518Z", "updated": "2020-02-17T20:31:11.645Z"}}, {"model": "books.booklist", "pk": 2, "fields": {"user": 2, "book": 5, "rating": 5, "override_title": "Nineteen Eighty-Four", "override_author": "", "override_year": null, "override_cover": "", "added": "2020-02-14T20:33:39.758Z", "updated": "2020-02-17T20:31:02.340Z"}}, {"model": "books.booklist", "pk": 3, "fields": {"user": 2, "book": 9, "rating": 4, "override_title": "", "override_author": "", "override_year": null, "override_cover": "", "added": "2020-02-14T20:34:06.842Z", "updated": "2020-02-17T20:30:58.199Z"}}, {"model": "books.booklist", "pk": 4, "fields": {"user": 2, "book": 4, "rating": 5, "override_title": "", "override_author": "", "override_year": null, "override_cover": "", "added": "2020-02-14T20:34:27.533Z", "updated": "2020-02-17T20:30:59.199Z"}}, {"model": "books.booklist", "pk": 5, "fields": {"user": 1, "book": 10, "rating": 5, "override_title": "", "override_author": "", "override_year": null, "override_cover": "", "added": "2020-02-15T17:33:21.846Z", "updated": "2020-02-17T20:05:03.123Z"}}, {"model": "books.booklist", "pk": 6, "fields": {"user": 1, "book": 11, "rating": 3, "override_title": "", "override_author": "", "override_year": null, "override_cover": "", "added": "2020-02-15T17:35:58.895Z", "updated": "2020-02-17T20:05:10.704Z"}}, {"model": "books.booklist", "pk": 7, "fields": {"user": 1, "book": 12, "rating": 2, "override_title": "", "override_author": "", "override_year": null, "override_cover": "", "added": "2020-02-15T17:36:20.634Z", "updated": "2020-02-17T20:05:18.034Z"}}, {"model": "books.booklist", "pk": 8, "fields": {"user": 1, "book": 1, "rating": 5, "override_title": "", "override_author": "", "override_year": null, "override_cover": "", "added": "2020-02-16T16:38:08.268Z", "updated": "2020-02-17T20:04:58.917Z"}}, {"model": "books.booklist", "pk": 9, "fields": {"user": 2, "book": 10, "rating": 5, "override_title": "", "override_author": "", "override_year": null, "override_cover": "", "added": "2020-02-16T16:41:50.805Z", "updated": "2020-02-17T20:31:12.750Z"}}, {"model": "books.booklist", "pk": 10, "fields": {"user": 3, "book": 1, "rating": 3, "override_title": "", "override_author": "", "override_year": null, "override_cover": "", "added": "2020-02-16T16:42:00.877Z", "updated": "2020-02-17T21:33:05.121Z"}}, {"model": "books.booklist", "pk": 11, "fields": {"user": 3, "book": 8, "rating": 4, "override_title": "", "override_author": "", "override_year": null, "override_cover": "", "added": "2020-02-16T16:42:08.490Z", "updated": "2020-02-17T20:30:13.919Z"}}, {"model": "books.booklist", "pk": 12, "fields": {"user": 3, "book": 7, "rating": 2, "override_title": "", "override_author": "", "override_year": null, "override_cover": "", "added": "2020-02-16T16:42:43.390Z", "updated": "2020-02-17T21:31:28.746Z"}}, {"model": "books.booklist", "pk": 13, "fields": {"user": 2, "book": 12, "rating": 4, "override_title": "", "override_author": "", "override_year": null, "override_cover": "", "added": "2020-02-16T16:42:56.384Z", "updated": "2020-02-17T20:31:16.854Z"}}, {"model": "books.booklist", "pk": 14, "fields": {"user": 2, "book": 2, "rating": 4, "override_title": "", "override_author": "", "override_year": null, "override_cover": "", "added": "2020-02-16T16:44:19.622Z", "updated": "2020-02-17T20:31:07.588Z"}}, {"model": "books.booklist", "pk": 15, "fields": {"user": 2, "book": 3, "rating": 4, "override_title": "", "override_author": "", "override_year": null, "override_cover": "", "added": "2020-02-16T16:44:25.578Z", "updated": "2020-02-17T20:31:09.430Z"}}, {"model": "books.booklist", "pk": 16, "fields": {"user": 2, "book": 6, "rating": 4, "override_title": "", "override_author": "", "override_year": null, "override_cover": "", "added": "2020-02-16T16:44:38.932Z", "updated": "2020-02-17T20:31:05.557Z"}}, {"model": "books.booklist", "pk": 17, "fields": {"user": 1, "book": 6, "rating": 4, "override_title": "", "override_author": "", "override_year": null, "override_cover": "", "added": "2020-02-16T16:45:29.020Z", "updated": "2020-02-17T20:05:13.355Z"}}, {"model": "admin.logentry", "pk": 1, "fields": {"action_time": "2020-02-13T21:07:46.238Z", "user": 1, "content_type": 7, "object_id": "1", "object_repr": "Salinger, J. D.", "action_flag": 1, "change_message": "[{\"added\": {}}]"}}, {"model": "admin.logentry", "pk": 2, "fields": {"action_time": "2020-02-13T21:08:38.421Z", "user": 1, "content_type": 8, "object_id": "1", "object_repr": "Salinger, J. D.: The Catcher in the Rye", "action_flag": 1, "change_message": "[{\"added\": {}}]"}}, {"model": "admin.logentry", "pk": 3, "fields": {"action_time": "2020-02-13T21:19:06.862Z", "user": 1, "content_type": 8, "object_id": "2", "object_repr": "Salinger, J. D.: Franny and Zooey", "action_flag": 1, "change_message": "[{\"added\": {}}]"}}, {"model": "admin.logentry", "pk": 4, "fields": {"action_time": "2020-02-13T21:19:54.405Z", "user": 1, "content_type": 8, "object_id": "3", "object_repr": "Salinger, J. D.: Nine stories", "action_flag": 1, "change_message": "[{\"added\": {}}]"}}, {"model": "admin.logentry", "pk": 5, "fields": {"action_time": "2020-02-14T15:14:10.849Z", "user": 1, "content_type": 7, "object_id": "2", "object_repr": "Orwell, George", "action_flag": 1, "change_message": "[{\"added\": {}}]"}}, {"model": "admin.logentry", "pk": 6, "fields": {"action_time": "2020-02-14T15:14:31.206Z", "user": 1, "content_type": 7, "object_id": "3", "object_repr": "Rowling, J. K.", "action_flag": 1, "change_message": "[{\"added\": {}}]"}}, {"model": "admin.logentry", "pk": 7, "fields": {"action_time": "2020-02-14T15:14:43.776Z", "user": 1, "content_type": 7, "object_id": "4", "object_repr": "Lee, Harper", "action_flag": 1, "change_message": "[{\"added\": {}}]"}}, {"model": "admin.logentry", "pk": 8, "fields": {"action_time": "2020-02-14T15:16:01.965Z", "user": 1, "content_type": 7, "object_id": "5", "object_repr": "Bradbury, Ray", "action_flag": 1, "change_message": "[{\"added\": {}}]"}}, {"model": "admin.logentry", "pk": 9, "fields": {"action_time": "2020-02-14T15:17:51.210Z", "user": 1, "content_type": 8, "object_id": "4", "object_repr": "Bradbury, Ray: Fahrenheit 451", "action_flag": 1, "change_message": "[{\"added\": {}}]"}}, {"model": "admin.logentry", "pk": 10, "fields": {"action_time": "2020-02-14T15:19:42.857Z", "user": 1, "content_type": 8, "object_id": "5", "object_repr": "Orwell, George: 1984", "action_flag": 1, "change_message": "[{\"added\": {}}]"}}, {"model": "admin.logentry", "pk": 11, "fields": {"action_time": "2020-02-14T15:22:05.097Z", "user": 1, "content_type": 8, "object_id": "6", "object_repr": "Orwell, George: Animal Farm", "action_flag": 1, "change_message": "[{\"added\": {}}]"}}, {"model": "admin.logentry", "pk": 12, "fields": {"action_time": "2020-02-14T15:23:58.006Z", "user": 1, "content_type": 8, "object_id": "7", "object_repr": "Rowling, J. K.: Harry Potter and the Sorcerer's Stone", "action_flag": 1, "change_message": "[{\"added\": {}}]"}}, {"model": "admin.logentry", "pk": 13, "fields": {"action_time": "2020-02-14T15:24:36.270Z", "user": 1, "content_type": 8, "object_id": "8", "object_repr": "Rowling, J. K.: Harry Potter and the Philosopher's Stone", "action_flag": 1, "change_message": "[{\"added\": {}}]"}}, {"model": "admin.logentry", "pk": 14, "fields": {"action_time": "2020-02-14T15:26:36.503Z", "user": 1, "content_type": 8, "object_id": "9", "object_repr": "Lee, Harper: To Kill a Mockingbird", "action_flag": 1, "change_message": "[{\"added\": {}}]"}}, {"model": "admin.logentry", "pk": 15, "fields": {"action_time": "2020-02-14T17:42:41.522Z", "user": 1, "content_type": 9, "object_id": "1", "object_repr": "joe lists Salinger, J. D.: The Catcher in the Rye", "action_flag": 1, "change_message": "[{\"added\": {}}]"}}, {"model": "admin.logentry", "pk": 16, "fields": {"action_time": "2020-02-15T19:43:37.894Z", "user": 1, "content_type": 7, "object_id": "9", "object_repr": "J. D. Salinger", "action_flag": 3, "change_message": ""}}, {"model": "admin.logentry", "pk": 17, "fields": {"action_time": "2020-02-16T16:41:50.810Z", "user": 1, "content_type": 9, "object_id": "9", "object_repr": "joe lists Henryk Sienkiewicz: Quo vadis", "action_flag": 1, "change_message": "[{\"added\": {}}]"}}, {"model": "admin.logentry", "pk": 18, "fields": {"action_time": "2020-02-16T16:42:00.884Z", "user": 1, "content_type": 9, "object_id": "10", "object_repr": "max lists J. D. Salinger: The Catcher in the Rye", "action_flag": 1, "change_message": "[{\"added\": {}}]"}}, {"model": "admin.logentry", "pk": 19, "fields": {"action_time": "2020-02-16T16:42:08.492Z", "user": 1, "content_type": 9, "object_id": "11", "object_repr": "max lists J. K. Rowling: Harry Potter and the Philosopher's Stone", "action_flag": 1, "change_message": "[{\"added\": {}}]"}}, {"model": "admin.logentry", "pk": 20, "fields": {"action_time": "2020-02-16T16:42:43.392Z", "user": 1, "content_type": 9, "object_id": "12", "object_repr": "max lists J. K. Rowling: Harry Potter and the Sorcerer's Stone", "action_flag": 1, "change_message": "[{\"added\": {}}]"}}, {"model": "admin.logentry", "pk": 21, "fields": {"action_time": "2020-02-16T16:42:56.388Z", "user": 1, "content_type": 9, "object_id": "13", "object_repr": "joe lists J.R.R. Tolkien: The Lord of the Rings", "action_flag": 1, "change_message": "[{\"added\": {}}]"}}, {"model": "admin.logentry", "pk": 22, "fields": {"action_time": "2020-02-16T16:44:19.626Z", "user": 1, "content_type": 9, "object_id": "14", "object_repr": "joe lists J. D. Salinger: Franny and Zooey", "action_flag": 1, "change_message": "[{\"added\": {}}]"}}, {"model": "admin.logentry", "pk": 23, "fields": {"action_time": "2020-02-16T16:44:25.584Z", "user": 1, "content_type": 9, "object_id": "15", "object_repr": "joe lists J. D. Salinger: Nine stories", "action_flag": 1, "change_message": "[{\"added\": {}}]"}}, {"model": "admin.logentry", "pk": 24, "fields": {"action_time": "2020-02-16T16:44:38.939Z", "user": 1, "content_type": 9, "object_id": "16", "object_repr": "joe lists George Orwell: Animal Farm", "action_flag": 1, "change_message": "[{\"added\": {}}]"}}, {"model": "admin.logentry", "pk": 25, "fields": {"action_time": "2020-02-16T16:45:29.024Z", "user": 1, "content_type": 9, "object_id": "17", "object_repr": "admin lists George Orwell: Animal Farm", "action_flag": 1, "change_message": "[{\"added\": {}}]"}}, {"model": "admin.logentry", "pk": 26, "fields": {"action_time": "2020-02-16T18:00:15.415Z", "user": 1, "content_type": 8, "object_id": "1", "object_repr": "J. D. Salinger: The Catcher in the Rye", "action_flag": 2, "change_message": "[{\"changed\": {\"fields\": [\"Cover\"]}}]"}}, {"model": "admin.logentry", "pk": 27, "fields": {"action_time": "2020-02-16T21:29:40.903Z", "user": 1, "content_type": 8, "object_id": "1", "object_repr": "J. D. Salinger: The Catcher in the Rye", "action_flag": 2, "change_message": "[{\"changed\": {\"fields\": [\"Cover\"]}}]"}}, {"model": "admin.logentry", "pk": 28, "fields": {"action_time": "2020-02-17T17:16:23.233Z", "user": 1, "content_type": 9, "object_id": "8", "object_repr": "admin lists J. D. Salinger: The Catcher in the Rye", "action_flag": 2, "change_message": "[{\"changed\": {\"fields\": [\"Rating\"]}}]"}}, {"model": "admin.logentry", "pk": 29, "fields": {"action_time": "2020-02-17T21:31:28.752Z", "user": 1, "content_type": 9, "object_id": "12", "object_repr": "max lists J. K. Rowling: Harry Potter and the Sorcerer's Stone", "action_flag": 2, "change_message": "[{\"changed\": {\"fields\": [\"Rating\"]}}]"}}, {"model": "admin.logentry", "pk": 30, "fields": {"action_time": "2020-02-17T21:33:05.123Z", "user": 1, "content_type": 9, "object_id": "10", "object_repr": "max lists J. D. Salinger: The Catcher in the Rye", "action_flag": 2, "change_message": "[{\"changed\": {\"fields\": [\"Rating\"]}}]"}}]